/0000/000/Desto0023/1509392470/SY00/Sinal;-58.00
/0000/000/Desto0023/1509392470/SY01/Bateria;4.35
/0000/000/Desto0023/1509392470/SE03/Temperatura;28.25
/0000/000/Desto0023/1509392470/SE05/Luminosidade;36.67
/0000/000/Desto0023/1509392501/SE03/Temperatura;28.25
/0000/000/Desto0023/1509392501/SE05/Luminosidade;30.00
/0000/000/Desto0023/1509392531/SY00/Sinal;-63.00
/0000/000/Desto0023/1509392531/SY01/Bateria;4.35
/0000/000/Desto0023/1509392531/SE03/Temperatura;28.19
/0000/000/Desto0023/1509392531/SE05/Luminosidade;20.00
/0000/000/Desto0023/1509392562/SE03/Temperatura;28.19
/0000/000/Desto0023/1509392562/SE05/Luminosidade;33.33
/0000/000/Desto0023/1509392592/SY00/Sinal;-59.00
/0000/000/Desto0023/1509392592/SY01/Bateria;4.35
/0000/000/Desto0023/1509392592/SE03/Temperatura;28.50
/0000/000/Desto0023/1509392592/SE05/Luminosidade;20.00
/0000/000/Desto0023/1509392598/SE05/Luminosidade;20.00
/0000/000/Desto0023/1509392602/SY00/Sinal;-63.00
/0000/000/Desto0023/1509392602/SY01/Bateria;4.35
/0000/000/Desto0023/1509392604/SE05/Luminosidade;16.67
/0000/000/Desto0023/1509392605/SY00/Sinal;-65.00
/0000/000/Desto0023/1509392605/SY01/Bateria;4.35
/0000/000/Desto0023/1509392605/SE03/Temperatura;28.75
/0000/000/Desto0023/1509392605/SE05/Luminosidade;16.67
/0000/000/Desto0023/1509392696/SY00/Sinal;31.00
/0000/000/Desto0023/1509392696/SY01/Bateria;4.35
/0000/000/Desto0023/1509392696/SE03/Temperatura;28.19
/0000/000/Desto0023/1509392696/SE05/Luminosidade;23.33
/0000/000/Desto0023/1509392757/SY00/Sinal;31.00
/0000/000/Desto0023/1509392757/SY01/Bateria;4.35
/0000/000/Desto0023/1509392757/SE03/Temperatura;28.19
/0000/000/Desto0023/1509392757/SE05/Luminosidade;20.00
/0000/000/Desto0023/1509392817/SY00/Sinal;31.00
/0000/000/Desto0023/1509392817/SY01/Bateria;4.35
/0000/000/Desto0023/1509392817/SE03/Temperatura;28.12
/0000/000/Desto0023/1509392817/SE05/Luminosidade;20.00
/0000/000/Desto0023/1509392878/SY00/Sinal;31.00
/0000/000/Desto0023/1509392878/SY01/Bateria;4.35
/0000/000/Desto0023/1509392878/SE03/Temperatura;28.06
/0000/000/Desto0023/1509392878/SE05/Luminosidade;20.00
/0000/000/Desto0023/1509392944/SY00/Sinal;-60.00
/0000/000/Desto0023/1509392944/SY01/Bateria;4.35
/0000/000/Desto0023/1509392944/SE03/Temperatura;27.94
/0000/000/Desto0023/1509392944/SE05/Luminosidade;20.00
/0000/000/Desto0023/1509393010/SY00/Sinal;31.00
/0000/000/Desto0023/1509393010/SY01/Bateria;4.35
/0000/000/Desto0023/1509393010/SE03/Temperatura;27.94
/0000/000/Desto0023/1509393010/SE05/Luminosidade;20.00
/0000/000/Desto0023/1509393070/SY00/Sinal;31.00
/0000/000/Desto0023/1509393070/SY01/Bateria;4.35
/0000/000/Desto0023/1509393070/SE03/Temperatura;27.81
/0000/000/Desto0023/1509393070/SE05/Luminosidade;16.67
/0000/000/Desto0023/1509393131/SY00/Sinal;31.00
/0000/000/Desto0023/1509393131/SY01/Bateria;4.35
/0000/000/Desto0023/1509393131/SE03/Temperatura;27.69
/0000/000/Desto0023/1509393131/SE05/Luminosidade;20.00
/0000/000/Desto0023/1509393192/SY00/Sinal;31.00
/0000/000/Desto0023/1509393192/SY01/Bateria;4.35
/0000/000/Desto0023/1509393192/SE03/Temperatura;27.69
/0000/000/Desto0023/1509393192/SE05/Luminosidade;16.67
/0000/000/Desto0023/1509393253/SY00/Sinal;31.00
/0000/000/Desto0023/1509393253/SY01/Bateria;4.35
/0000/000/Desto0023/1509393253/SE03/Temperatura;27.62
/0000/000/Desto0023/1509393253/SE05/Luminosidade;16.67
/0000/000/Desto0023/1509393314/SY00/Sinal;31.00
/0000/000/Desto0023/1509393314/SY01/Bateria;4.35
/0000/000/Desto0023/1509393314/SE03/Temperatura;27.56
/0000/000/Desto0023/1509393314/SE05/Luminosidade;16.67
/0000/000/Desto0023/1509393374/SY00/Sinal;31.00
/0000/000/Desto0023/1509393374/SY01/Bateria;4.35
/0000/000/Desto0023/1509393374/SE03/Temperatura;27.50
/0000/000/Desto0023/1509393374/SE05/Luminosidade;16.67
/0000/000/Desto0023/1509393450/SY00/Sinal;31.00
/0000/000/Desto0023/1509393450/SY01/Bateria;4.35
/0000/000/Desto0023/1509393450/SE03/Temperatura;27.69
/0000/000/Desto0023/1509393450/SE05/Luminosidade;16.67
/0000/000/Desto0023/1509393455/SE05/Luminosidade;16.67
/0000/000/Desto0023/1509393459/SY00/Sinal;31.00
/0000/000/Desto0023/1509393459/SY01/Bateria;4.35
/0000/000/Desto0023/1509393460/SE05/Luminosidade;16.67
/0000/000/Desto0023/1509393465/SE03/Temperatura;27.62
/0000/000/Desto0023/1509393465/SE05/Luminosidade;16.67
/0000/000/Desto0023/1509393469/SY00/Sinal;31.00
/0000/000/Desto0023/1509393469/SY01/Bateria;4.35
/0000/000/Desto0023/1509393471/SE05/Luminosidade;16.67
/0000/000/Desto0023/1509393476/SE05/Luminosidade;16.67
/0000/000/Desto0023/1509393479/SY00/Sinal;31.00
/0000/000/Desto0023/1509393479/SY01/Bateria;4.35
/0000/000/Desto0023/1509393480/SE03/Temperatura;27.56
/0000/000/Desto0023/1509393482/SE05/Luminosidade;16.67
/0000/000/Desto0023/1509393498/SY00/Sinal;-64.00
/0000/000/Desto0023/1509393498/SY01/Bateria;4.35
/0000/000/Desto0023/1509393498/SE03/Temperatura;27.50
/0000/000/Desto0023/1509393498/SE05/Luminosidade;0.00
/0000/000/Desto0023/1509393519/SE05/Luminosidade;16.67
/0000/000/Desto0023/1509393522/SY00/Sinal;-60.00
/0000/000/Desto0023/1509393522/SY01/Bateria;4.35
/0000/000/Desto0023/1509393524/SE05/Luminosidade;16.67
/0000/000/Desto0023/1509393528/SE03/Temperatura;27.56
/0000/000/Desto0023/1509393528/SE05/Luminosidade;16.67
/0000/000/Desto0023/1509393533/SY00/Sinal;-61.00
/0000/000/Desto0023/1509393533/SY01/Bateria;4.35
/0000/000/Desto0023/1509393535/SE05/Luminosidade;16.67
/0000/000/Desto0023/1509393540/SE05/Luminosidade;13.33
/0000/000/Desto0023/1509393554/SY00/Sinal;-63.00
/0000/000/Desto0023/1509393554/SY01/Bateria;4.35
/0000/000/Desto0023/1509393554/SE03/Temperatura;27.56
/0000/000/Desto0023/1509393554/SE05/Luminosidade;13.33
/0000/000/Desto0023/1509393560/SE05/Luminosidade;13.33
/0000/000/Desto0023/1509393564/SY00/Sinal;-57.00
/0000/000/Desto0023/1509393564/SY01/Bateria;4.35
/0000/000/Desto0023/1509393566/SE05/Luminosidade;13.33
/0000/000/Desto0023/1509393569/SE03/Temperatura;27.56
/0000/000/Desto0023/1509393571/SE05/Luminosidade;13.33
/0000/000/Desto0023/1509393574/SY00/Sinal;-56.00
/0000/000/Desto0023/1509393574/SY01/Bateria;4.35
/0000/000/Desto0023/1509393576/SE05/Luminosidade;16.67
/0000/000/Desto0023/1509393581/SE05/Luminosidade;10.00
/0000/000/Desto0023/1509393583/SY00/Sinal;-68.00
/0000/000/Desto0023/1509393583/SY01/Bateria;4.35
/0000/000/Desto0023/1509393583/SE03/Temperatura;27.81
/0000/000/Desto0023/1509393583/SE05/Luminosidade;13.33
/0000/000/Desto0023/1509393681/SY00/Sinal;-59.00
/0000/000/Desto0023/1509393681/SY01/Bateria;4.35
/0000/000/Desto0023/1509393681/SE03/Temperatura;27.56
/0000/000/Desto0023/1509393681/SE05/Luminosidade;13.33
/0000/000/Desto0023/1509393742/SY00/Sinal;31.00
/0000/000/Desto0023/1509393742/SY01/Bateria;4.35
/0000/000/Desto0023/1509393742/SE03/Temperatura;27.50
/0000/000/Desto0023/1509393742/SE05/Luminosidade;13.33
/0000/000/Desto0023/1509393803/SY00/Sinal;31.00
/0000/000/Desto0023/1509393803/SY01/Bateria;4.35
/0000/000/Desto0023/1509393803/SE03/Temperatura;27.56
/0000/000/Desto0023/1509393803/SE05/Luminosidade;13.33
/0000/000/Desto0023/1509393819/SY00/Sinal;31.00
/0000/000/Desto0023/1509393819/SY01/Bateria;4.35
/0000/000/Desto0023/1509393819/SE03/Temperatura;27.62
/0000/000/Desto0023/1509393819/SE05/Luminosidade;13.33
/0000/000/Desto0023/7210/SY00/Sinal;-60.00
/0000/000/Desto0023/7210/SY01/Bateria;0.00
/0000/000/Desto0023/1509396160/SY00/Sinal;-60.00
/0000/000/Desto0023/1509396160/SY01/Bateria;0.00
/0000/000/Desto0023/1509396170/SY00/Sinal;-60.00
/0000/000/Desto0023/1509396170/SY01/Bateria;0.00
/0000/000/Desto0023/1509396180/SY00/Sinal;-59.00
/0000/000/Desto0023/1509396180/SY01/Bateria;0.00
/0000/000/Desto0023/1509396192/SY00/Sinal;-59.00
/0000/000/Desto0023/1509396192/SY01/Bateria;0.00
/0000/000/Desto0023/1509396202/SY00/Sinal;-61.00
/0000/000/Desto0023/1509396202/SY01/Bateria;0.00
/0000/000/Desto0023/1509396209/SY00/Sinal;-59.00
/0000/000/Desto0023/1509396209/SY01/Bateria;0.01
/0000/000/Desto0023/1509396211/SY00/Sinal;-64.00
/0000/000/Desto0023/1509396211/SY01/Bateria;0.00
/0000/000/Desto0023/7201/SY00/Sinal;-58.00
/0000/000/Desto0023/7201/SY01/Bateria;0.00
/0000/000/Desto0023/7201/SY00/Sinal;-57.00
/0000/000/Desto0023/7201/SY01/Bateria;0.00
/0000/000/Desto0023/7201/SY00/Sinal;-60.00
/0000/000/Desto0023/7201/SY01/Bateria;0.00
/0000/000/Desto0023/7208/SY00/Sinal;-58.00
/0000/000/Desto0023/7208/SY01/Bateria;0.00
/0000/000/Desto0023/7201/SY00/Sinal;-59.00
/0000/000/Desto0023/7201/SY01/Bateria;0.00
/0000/000/Desto0023/7201/SY00/Sinal;-57.00
/0000/000/Desto0023/7201/SY01/Bateria;0.00
/0000/000/Desto0023/7201/SY00/Sinal;-58.00
/0000/000/Desto0023/7201/SY01/Bateria;0.00
/0000/000/Desto0023/7201/SY00/Sinal;-58.00
/0000/000/Desto0023/7201/SY01/Bateria;0.00
/0000/000/Desto0023/7201/SY00/Sinal;-56.00
/0000/000/Desto0023/7201/SY01/Bateria;0.00
/0000/000/Desto0023/7201/SY00/Sinal;-56.00
/0000/000/Desto0023/7201/SY01/Bateria;0.00
/0000/000/Desto0023/7201/SY00/Sinal;-59.00
/0000/000/Desto0023/7201/SY01/Bateria;0.00
/0000/000/Desto0023/7201/SY00/Sinal;-60.00
/0000/000/Desto0023/7201/SY01/Bateria;0.00
/0000/000/Desto0023/7201/SY00/Sinal;-63.00
/0000/000/Desto0023/7201/SY01/Bateria;0.00
/0000/000/Desto0023/7210/SY00/Sinal;-64.00
/0000/000/Desto0023/7210/SY01/Bateria;4.35
/0000/000/Desto0023/7208/SY00/Sinal;-58.00
/0000/000/Desto0023/7208/SY01/Bateria;4.35
/0000/000/Desto0023/1509397224/SY00/Sinal;-58.00
/0000/000/Desto0023/1509397225/SY01/Bateria;4.35
/0000/000/Desto0023/1509397234/SY00/Sinal;-58.00
/0000/000/Desto0023/1509397235/SY01/Bateria;4.35
/0000/000/Desto0023/1509397244/SY00/Sinal;-60.00
/0000/000/Desto0023/1509397245/SY01/Bateria;4.35
/0000/000/Desto0023/1509397254/SY00/Sinal;-59.00
/0000/000/Desto0023/1509397256/SY01/Bateria;4.35
/0000/000/Desto0023/1509397264/SY00/Sinal;-59.00
/0000/000/Desto0023/1509397266/SY01/Bateria;4.35
/0000/000/Desto0023/1509397275/SY00/Sinal;-61.00
/0000/000/Desto0023/1509397277/SY01/Bateria;4.35
/0000/000/Desto0023/1509397285/SY00/Sinal;-61.00
/0000/000/Desto0023/1509397287/SY01/Bateria;4.35
/0000/000/Desto0023/1509397296/SY00/Sinal;-61.00
/0000/000/Desto0023/1509397298/SY01/Bateria;4.35
/0000/000/Desto0023/1509397299/SE00/Temperatura;27.53
/0000/000/Desto0023/1509397299/SE00/Umidade;58.00
/0000/000/Desto0023/1509397299/SE00/Pressao;1000.97
/0000/000/Desto0023/1509397307/SY00/Sinal;-59.00
/0000/000/Desto0023/1509397308/SY01/Bateria;4.35
/0000/000/Desto0023/1509397317/SY00/Sinal;-60.00
/0000/000/Desto0023/1509397319/SY01/Bateria;4.35
/0000/000/Desto0023/1509397319/SE00/Temperatura;27.57
/0000/000/Desto0023/1509397319/SE00/Umidade;58.29
/0000/000/Desto0023/1509397319/SE00/Pressao;1000.97
/0000/000/Desto0023/1509397327/SY00/Sinal;-61.00
/0000/000/Desto0023/1509397329/SY01/Bateria;4.35
/0000/000/Desto0023/1509397337/SY00/Sinal;-59.00
/0000/000/Desto0023/1509397339/SY01/Bateria;4.35
/0000/000/Desto0023/1509397339/SE00/Temperatura;27.61
/0000/000/Desto0023/1509397339/SE00/Umidade;56.62
/0000/000/Desto0023/1509397339/SE00/Pressao;1000.93
/0000/000/Desto0023/1509397347/SY00/Sinal;-59.00
/0000/000/Desto0023/1509397349/SY01/Bateria;4.35
/0000/000/Desto0023/1509397357/SY00/Sinal;-60.00
/0000/000/Desto0023/1509397359/SY01/Bateria;4.35
/0000/000/Desto0023/1509397361/SE00/Temperatura;27.65
/0000/000/Desto0023/1509397361/SE00/Umidade;56.50
/0000/000/Desto0023/1509397361/SE00/Pressao;1000.96
/0000/000/Desto0023/1509397367/SY00/Sinal;-65.00
/0000/000/Desto0023/1509397370/SY01/Bateria;4.35
/0000/000/Desto0023/1509397378/SY00/Sinal;-62.00
/0000/000/Desto0023/1509397381/SY01/Bateria;4.35
/0000/000/Desto0023/1509397381/SE00/Temperatura;27.70
/0000/000/Desto0023/1509397381/SE00/Umidade;56.26
/0000/000/Desto0023/1509397381/SE00/Pressao;1000.92
/0000/000/Desto0023/1509397388/SY00/Sinal;-58.00
/0000/000/Desto0023/1509397391/SY01/Bateria;4.35
/0000/000/Desto0023/1509397398/SY00/Sinal;-58.00
/0000/000/Desto0023/1509397401/SY01/Bateria;4.35
/0000/000/Desto0023/1509397401/SE00/Temperatura;27.75
/0000/000/Desto0023/1509397401/SE00/Umidade;57.09
/0000/000/Desto0023/1509397401/SE00/Pressao;1000.95
/0000/000/Desto0023/1509397408/SY00/Sinal;-58.00
/0000/000/Desto0023/1509397411/SY01/Bateria;4.35
/0000/000/Desto0023/1509397420/SY00/Sinal;-59.00
/0000/000/Desto0023/1509397422/SY01/Bateria;4.35
/0000/000/Desto0023/1509397422/SE00/Temperatura;27.79
/0000/000/Desto0023/1509397422/SE00/Umidade;56.17
/0000/000/Desto0023/1509397422/SE00/Pressao;1000.91
/0000/000/Desto0023/1509397430/SY00/Sinal;-57.00
/0000/000/Desto0023/1509397432/SY01/Bateria;4.35
/0000/000/Desto0023/1509397440/SY00/Sinal;-55.00
/0000/000/Desto0023/1509397443/SY01/Bateria;4.35
/0000/000/Desto0023/1509397443/SE00/Temperatura;27.85
/0000/000/Desto0023/1509397443/SE00/Umidade;57.42
/0000/000/Desto0023/1509397443/SE00/Pressao;1001.01
/0000/000/Desto0023/1509397450/SY00/Sinal;-56.00
/0000/000/Desto0023/1509397453/SY01/Bateria;4.35
/0000/000/Desto0023/1509397462/SY00/Sinal;-58.00
/0000/000/Desto0023/1509397464/SY01/Bateria;4.35
/0000/000/Desto0023/1509397464/SE00/Temperatura;27.89
/0000/000/Desto0023/1509397464/SE00/Umidade;56.47
/0000/000/Desto0023/1509397464/SE00/Pressao;1000.99
/0000/000/Desto0023/1509397473/SY00/Sinal;-60.00
/0000/000/Desto0023/1509397474/SY01/Bateria;4.35
/0000/000/Desto0023/1509397484/SY00/Sinal;-59.00
/0000/000/Desto0023/1509397484/SY01/Bateria;4.35
/0000/000/Desto0023/1509397484/SE00/Temperatura;27.93
/0000/000/Desto0023/1509397484/SE00/Umidade;56.35
/0000/000/Desto0023/1509397484/SE00/Pressao;1000.98
/0000/000/Desto0023/1509397494/SY00/Sinal;-59.00
/0000/000/Desto0023/1509397494/SY01/Bateria;4.35
/0000/000/Desto0023/1509397504/SY00/Sinal;-57.00
/0000/000/Desto0023/1509397504/SY01/Bateria;4.35
/0000/000/Desto0023/1509397504/SE00/Temperatura;27.95
/0000/000/Desto0023/1509397504/SE00/Umidade;55.94
/0000/000/Desto0023/1509397504/SE00/Pressao;1000.92
/0000/000/Desto0023/1509397513/SY00/Sinal;-58.00
/0000/000/Desto0023/1509397513/SY01/Bateria;4.35
/0000/000/Desto0023/1509397525/SY00/Sinal;-67.00
/0000/000/Desto0023/1509397526/SY01/Bateria;4.35
/0000/000/Desto0023/1509397526/SE00/Temperatura;28.00
/0000/000/Desto0023/1509397526/SE00/Umidade;56.26
/0000/000/Desto0023/1509397526/SE00/Pressao;1000.99
/0000/000/Desto0023/1509397528/SY00/Sinal;-60.00
/0000/000/Desto0023/1509397528/SY01/Bateria;4.35
/0000/000/Desto0023/1509397528/SE00/Temperatura;28.01
/0000/000/Desto0023/1509397528/SE00/Umidade;56.20
/0000/000/Desto0023/1509397528/SE00/Pressao;1000.93
/0000/000/Desto0023/7201/SY00/Sinal;-60.00
/0000/000/Desto0023/7201/SY01/Bateria;4.35
/0000/000/Desto0023/7201/SE00/Temperatura;28.23
/0000/000/Desto0023/7201/SE00/Umidade;54.51
/0000/000/Desto0023/7201/SE00/Pressao;1001.01
/0000/000/Desto0023/7201/SY00/Sinal;-63.00
/0000/000/Desto0023/7201/SY01/Bateria;4.35
/0000/000/Desto0023/7201/SE00/Temperatura;28.32
/0000/000/Desto0023/7201/SE00/Umidade;54.36
/0000/000/Desto0023/7201/SE00/Pressao;1001.02
/0000/000/Desto0023/7201/SY00/Sinal;-63.00
/0000/000/Desto0023/7201/SY01/Bateria;4.35
/0000/000/Desto0023/7201/SE00/Temperatura;28.33
/0000/000/Desto0023/7201/SE00/Umidade;54.29
/0000/000/Desto0023/7201/SE00/Pressao;1001.05
/0000/000/Desto0023/7201/SY00/Sinal;-64.00
/0000/000/Desto0023/7201/SY01/Bateria;4.35
/0000/000/Desto0023/7201/SE00/Temperatura;28.35
/0000/000/Desto0023/7201/SE00/Umidade;55.01
/0000/000/Desto0023/7201/SE00/Pressao;1001.10
/0000/000/Desto0023/7201/SY00/Sinal;-57.00
/0000/000/Desto0023/7201/SY01/Bateria;4.35
/0000/000/Desto0023/7201/SE00/Temperatura;28.31
/0000/000/Desto0023/7201/SE00/Umidade;54.42
/0000/000/Desto0023/7201/SE00/Pressao;1001.09
/0000/000/Desto0023/7201/SY00/Sinal;-58.00
/0000/000/Desto0023/7201/SY01/Bateria;4.35
/0000/000/Desto0023/7201/SE00/Temperatura;28.21
/0000/000/Desto0023/7201/SE00/Umidade;53.85
/0000/000/Desto0023/7201/SE00/Pressao;1000.98
/0000/000/Desto0023/7201/SY00/Sinal;-57.00
/0000/000/Desto0023/7201/SY01/Bateria;4.35
/0000/000/Desto0023/7201/SE00/Temperatura;28.14
/0000/000/Desto0023/7201/SE00/Umidade;54.12
/0000/000/Desto0023/7201/SE00/Pressao;1001.07
/0000/000/Desto0023/7206/SY00/Sinal;-56.00
/0000/000/Desto0023/7206/SY01/Bateria;4.35
/0000/000/Desto0023/7206/SE00/Temperatura;28.03
/0000/000/Desto0023/7206/SE00/Umidade;54.24
/0000/000/Desto0023/7206/SE00/Pressao;1001.04
/0000/000/Desto0023/7201/SY00/Sinal;-62.00
/0000/000/Desto0023/7201/SY01/Bateria;4.35
/0000/000/Desto0023/7201/SE00/Temperatura;27.97
/0000/000/Desto0023/7201/SE00/Umidade;55.79
/0000/000/Desto0023/7201/SE00/Pressao;1001.05
/0000/000/Desto0023/7201/SY00/Sinal;-57.00
/0000/000/Desto0023/7201/SY01/Bateria;4.35
/0000/000/Desto0023/7201/SE00/Temperatura;27.92
/0000/000/Desto0023/7201/SE00/Umidade;54.44
/0000/000/Desto0023/7201/SE00/Pressao;1001.10
/0000/000/Desto0023/1509398424/SY00/Sinal;-60.00
/0000/000/Desto0023/1509398424/SY01/Bateria;4.35
/0000/000/Desto0023/1509398424/SE00/Temperatura;28.22
/0000/000/Desto0023/1509398424/SE00/Umidade;56.40
/0000/000/Desto0023/1509398424/SE00/Pressao;1001.12
/0000/000/Desto0023/1509398448/SY00/Sinal;-56.00
/0000/000/Desto0023/1509398448/SY01/Bateria;4.35
/0000/000/Desto0023/1509398448/SE00/Temperatura;28.26
/0000/000/Desto0023/1509398448/SE00/Umidade;55.22
/0000/000/Desto0023/1509398448/SE00/Pressao;1001.09
/0000/000/Desto0023/1509398538/SY00/Sinal;31.00
/0000/000/Desto0023/1509398538/SY01/Bateria;4.35
/0000/000/Desto0023/1509398538/SE00/Temperatura;28.17
/0000/000/Desto0023/1509398538/SE00/Umidade;54.06
/0000/000/Desto0023/1509398538/SE00/Pressao;1001.09
/0000/000/Desto0023/1509398598/SY00/Sinal;31.00
/0000/000/Desto0023/1509398598/SY01/Bateria;4.35
/0000/000/Desto0023/1509398598/SE00/Temperatura;28.10
/0000/000/Desto0023/1509398598/SE00/Umidade;54.24
/0000/000/Desto0023/1509398598/SE00/Pressao;1001.16
/0000/000/Desto0023/1509398658/SY00/Sinal;31.00
/0000/000/Desto0023/1509398658/SY01/Bateria;4.35
/0000/000/Desto0023/1509398658/SE00/Temperatura;28.08
/0000/000/Desto0023/1509398658/SE00/Umidade;54.83
/0000/000/Desto0023/1509398658/SE00/Pressao;1001.15
/0000/000/Desto0023/1509398718/SY00/Sinal;31.00
/0000/000/Desto0023/1509398718/SY01/Bateria;4.35
/0000/000/Desto0023/1509398718/SE00/Temperatura;28.02
/0000/000/Desto0023/1509398718/SE00/Umidade;54.87
/0000/000/Desto0023/1509398718/SE00/Pressao;1001.14
/0000/000/Desto0023/1509398778/SY00/Sinal;31.00
/0000/000/Desto0023/1509398778/SY01/Bateria;4.35
/0000/000/Desto0023/1509398778/SE00/Temperatura;27.97
/0000/000/Desto0023/1509398778/SE00/Umidade;54.60
/0000/000/Desto0023/1509398778/SE00/Pressao;1001.16
/0000/000/Desto0023/1509398839/SY00/Sinal;31.00
/0000/000/Desto0023/1509398839/SY01/Bateria;4.35
/0000/000/Desto0023/1509398839/SE00/Temperatura;27.92
/0000/000/Desto0023/1509398839/SE00/Umidade;55.13
/0000/000/Desto0023/1509398839/SE00/Pressao;1001.17
/0000/000/Desto0023/1509398899/SY00/Sinal;31.00
/0000/000/Desto0023/1509398899/SY01/Bateria;4.35
/0000/000/Desto0023/1509398899/SE00/Temperatura;27.88
/0000/000/Desto0023/1509398899/SE00/Umidade;54.11
/0000/000/Desto0023/1509398899/SE00/Pressao;1001.14
/0000/000/Desto0023/1509398959/SY00/Sinal;31.00
/0000/000/Desto0023/1509398959/SY01/Bateria;4.35
/0000/000/Desto0023/1509398959/SE00/Temperatura;27.84
/0000/000/Desto0023/1509398959/SE00/Umidade;55.48
/0000/000/Desto0023/1509398959/SE00/Pressao;1001.14
/0000/000/Desto0023/1509399020/SY00/Sinal;31.00
/0000/000/Desto0023/1509399020/SY01/Bateria;4.35
/0000/000/Desto0023/1509399020/SE00/Temperatura;27.80
/0000/000/Desto0023/1509399020/SE00/Umidade;55.19
/0000/000/Desto0023/1509399020/SE00/Pressao;1001.18
/0000/000/Desto0023/1509399085/SY00/Sinal;-61.00
/0000/000/Desto0023/1509399085/SY01/Bateria;4.35
/0000/000/Desto0023/1509399085/SE00/Temperatura;27.75
/0000/000/Desto0023/1509399085/SE00/Umidade;55.32
/0000/000/Desto0023/1509399085/SE00/Pressao;1001.15
/0000/000/Desto0023/1509399154/SY00/Sinal;31.00
/0000/000/Desto0023/1509399154/SY01/Bateria;4.35
/0000/000/Desto0023/1509399154/SE00/Temperatura;27.72
/0000/000/Desto0023/1509399154/SE00/Umidade;55.82
/0000/000/Desto0023/1509399154/SE00/Pressao;1001.21
/0000/000/Desto0023/1509399215/SY00/Sinal;31.00
/0000/000/Desto0023/1509399215/SY01/Bateria;4.35
/0000/000/Desto0023/1509399215/SE00/Temperatura;27.71
/0000/000/Desto0023/1509399215/SE00/Umidade;55.87
/0000/000/Desto0023/1509399215/SE00/Pressao;1001.19
/0000/000/Desto0023/1509399275/SY00/Sinal;31.00
/0000/000/Desto0023/1509399275/SY01/Bateria;4.35
/0000/000/Desto0023/1509399275/SE00/Temperatura;27.69
/0000/000/Desto0023/1509399275/SE00/Umidade;56.04
/0000/000/Desto0023/1509399275/SE00/Pressao;1001.22
/0000/000/Desto0023/1509399335/SY00/Sinal;31.00
/0000/000/Desto0023/1509399335/SY01/Bateria;4.35
/0000/000/Desto0023/1509399335/SE00/Temperatura;27.66
/0000/000/Desto0023/1509399335/SE00/Umidade;56.34
/0000/000/Desto0023/1509399335/SE00/Pressao;1001.06
/0000/000/Desto0023/1509399395/SY00/Sinal;31.00
/0000/000/Desto0023/1509399395/SY01/Bateria;4.35
/0000/000/Desto0023/1509399395/SE00/Temperatura;27.61
/0000/000/Desto0023/1509399395/SE00/Umidade;57.30
/0000/000/Desto0023/1509399395/SE00/Pressao;1001.16
/0000/000/Desto0023/1509399456/SY00/Sinal;31.00
/0000/000/Desto0023/1509399456/SY01/Bateria;4.35
/0000/000/Desto0023/1509399456/SE00/Temperatura;27.61
/0000/000/Desto0023/1509399456/SE00/Umidade;56.11
/0000/000/Desto0023/1509399456/SE00/Pressao;1001.19
/0000/000/Desto0023/1509399516/SY00/Sinal;31.00
/0000/000/Desto0023/1509399516/SY01/Bateria;4.35
/0000/000/Desto0023/1509399516/SE00/Temperatura;27.58
/0000/000/Desto0023/1509399516/SE00/Umidade;56.77
/0000/000/Desto0023/1509399516/SE00/Pressao;1001.24
/0000/000/Desto0023/1509399576/SY00/Sinal;31.00
/0000/000/Desto0023/1509399576/SY01/Bateria;4.35
/0000/000/Desto0023/1509399576/SE00/Temperatura;27.56
/0000/000/Desto0023/1509399576/SE00/Umidade;56.44
/0000/000/Desto0023/1509399576/SE00/Pressao;1001.19
/0000/000/Desto0023/1509399636/SY00/Sinal;31.00
/0000/000/Desto0023/1509399636/SY01/Bateria;4.35
/0000/000/Desto0023/1509399636/SE00/Temperatura;27.55
/0000/000/Desto0023/1509399636/SE00/Umidade;56.40
/0000/000/Desto0023/1509399636/SE00/Pressao;1001.24
/0000/000/Desto0023/1509399702/SY00/Sinal;-61.00
/0000/000/Desto0023/1509399702/SY01/Bateria;4.35
/0000/000/Desto0023/1509399702/SE00/Temperatura;27.52
/0000/000/Desto0023/1509399702/SE00/Umidade;55.61
/0000/000/Desto0023/1509399702/SE00/Pressao;1001.27
/0000/000/Desto0023/1509399773/SY00/Sinal;31.00
/0000/000/Desto0023/1509399773/SY01/Bateria;4.35
/0000/000/Desto0023/1509399773/SE00/Temperatura;27.50
/0000/000/Desto0023/1509399773/SE00/Umidade;56.73
/0000/000/Desto0023/1509399773/SE00/Pressao;1001.16
/0000/000/Desto0023/1509399833/SY00/Sinal;31.00
/0000/000/Desto0023/1509399833/SY01/Bateria;4.35
/0000/000/Desto0023/1509399833/SE00/Temperatura;27.52
/0000/000/Desto0023/1509399833/SE00/Umidade;56.93
/0000/000/Desto0023/1509399833/SE00/Pressao;1001.24
/0000/000/Desto0023/1509399894/SY00/Sinal;31.00
/0000/000/Desto0023/1509399894/SY01/Bateria;4.35
/0000/000/Desto0023/1509399894/SE00/Temperatura;27.52
/0000/000/Desto0023/1509399894/SE00/Umidade;56.25
/0000/000/Desto0023/1509399894/SE00/Pressao;1001.24
/0000/000/Desto0023/1509399954/SY00/Sinal;31.00
/0000/000/Desto0023/1509399954/SY01/Bateria;4.35
/0000/000/Desto0023/1509399954/SE00/Temperatura;27.52
/0000/000/Desto0023/1509399954/SE00/Umidade;57.27
/0000/000/Desto0023/1509399954/SE00/Pressao;1001.25
/0000/000/Desto0023/1509400014/SY00/Sinal;31.00
/0000/000/Desto0023/1509400014/SY01/Bateria;4.35
/0000/000/Desto0023/1509400014/SE00/Temperatura;27.48
/0000/000/Desto0023/1509400014/SE00/Umidade;56.74
/0000/000/Desto0023/1509400014/SE00/Pressao;1001.21
/0000/000/Desto0023/1509400074/SY00/Sinal;31.00
/0000/000/Desto0023/1509400074/SY01/Bateria;4.35
/0000/000/Desto0023/1509400074/SE00/Temperatura;27.45
/0000/000/Desto0023/1509400074/SE00/Umidade;57.39
/0000/000/Desto0023/1509400074/SE00/Pressao;1001.19
/0000/000/Desto0023/1509400135/SY00/Sinal;31.00
/0000/000/Desto0023/1509400135/SY01/Bateria;4.35
/0000/000/Desto0023/1509400135/SE00/Temperatura;27.44
/0000/000/Desto0023/1509400135/SE00/Umidade;57.52
/0000/000/Desto0023/1509400135/SE00/Pressao;1001.20
/0000/000/Desto0023/1509400195/SY00/Sinal;31.00
/0000/000/Desto0023/1509400195/SY01/Bateria;4.35
/0000/000/Desto0023/1509400195/SE00/Temperatura;27.45
/0000/000/Desto0023/1509400195/SE00/Umidade;57.84
/0000/000/Desto0023/1509400195/SE00/Pressao;1001.18
/0000/000/Desto0023/1509400255/SY00/Sinal;31.00
/0000/000/Desto0023/1509400255/SY01/Bateria;4.35
/0000/000/Desto0023/1509400255/SE00/Temperatura;27.44
/0000/000/Desto0023/1509400255/SE00/Umidade;57.59
/0000/000/Desto0023/1509400255/SE00/Pressao;1001.14
/0000/000/Desto0023/1509400323/SY00/Sinal;-63.00
/0000/000/Desto0023/1509400323/SY01/Bateria;4.35
/0000/000/Desto0023/1509400323/SE00/Temperatura;27.44
/0000/000/Desto0023/1509400323/SE00/Umidade;57.34
/0000/000/Desto0023/1509400323/SE00/Pressao;1001.22
/0000/000/Desto0023/1509400393/SY00/Sinal;31.00
/0000/000/Desto0023/1509400393/SY01/Bateria;4.35
/0000/000/Desto0023/1509400393/SE00/Temperatura;27.43
/0000/000/Desto0023/1509400393/SE00/Umidade;56.70
/0000/000/Desto0023/1509400393/SE00/Pressao;1001.23
/0000/000/Desto0023/1509400453/SY00/Sinal;31.00
/0000/000/Desto0023/1509400453/SY01/Bateria;4.35
/0000/000/Desto0023/1509400453/SE00/Temperatura;27.43
/0000/000/Desto0023/1509400453/SE00/Umidade;58.46
/0000/000/Desto0023/1509400453/SE00/Pressao;1001.22
/0000/000/Desto0023/1509400513/SY00/Sinal;31.00
/0000/000/Desto0023/1509400513/SY01/Bateria;4.35
/0000/000/Desto0023/1509400513/SE00/Temperatura;27.45
/0000/000/Desto0023/1509400513/SE00/Umidade;57.79
/0000/000/Desto0023/1509400513/SE00/Pressao;1001.18
/0000/000/Desto0023/1509400573/SY00/Sinal;31.00
/0000/000/Desto0023/1509400573/SY01/Bateria;4.35
/0000/000/Desto0023/1509400573/SE00/Temperatura;27.45
/0000/000/Desto0023/1509400573/SE00/Umidade;57.47
/0000/000/Desto0023/1509400573/SE00/Pressao;1001.24
/0000/000/Desto0023/1509400634/SY00/Sinal;31.00
/0000/000/Desto0023/1509400634/SY01/Bateria;4.35
/0000/000/Desto0023/1509400634/SE00/Temperatura;27.46
/0000/000/Desto0023/1509400634/SE00/Umidade;57.59
/0000/000/Desto0023/1509400634/SE00/Pressao;1001.32
/0000/000/Desto0023/1509400694/SY00/Sinal;31.00
/0000/000/Desto0023/1509400694/SY01/Bateria;4.35
/0000/000/Desto0023/1509400694/SE00/Temperatura;27.45
/0000/000/Desto0023/1509400694/SE00/Umidade;57.16
/0000/000/Desto0023/1509400694/SE00/Pressao;1001.31
/0000/000/Desto0023/1509400754/SY00/Sinal;31.00
/0000/000/Desto0023/1509400754/SY01/Bateria;4.35
/0000/000/Desto0023/1509400754/SE00/Temperatura;27.43
/0000/000/Desto0023/1509400754/SE00/Umidade;57.07
/0000/000/Desto0023/1509400754/SE00/Pressao;1001.33
/0000/000/Desto0023/1509400814/SY00/Sinal;31.00
/0000/000/Desto0023/1509400814/SY01/Bateria;4.35
/0000/000/Desto0023/1509400814/SE00/Temperatura;27.40
/0000/000/Desto0023/1509400814/SE00/Umidade;58.14
/0000/000/Desto0023/1509400814/SE00/Pressao;1001.36
/0000/000/Desto0023/1509400875/SY00/Sinal;31.00
/0000/000/Desto0023/1509400875/SY01/Bateria;4.35
/0000/000/Desto0023/1509400875/SE00/Temperatura;27.35
/0000/000/Desto0023/1509400875/SE00/Umidade;57.95
/0000/000/Desto0023/1509400875/SE00/Pressao;1001.35
/0000/000/Desto0023/1509400940/SY00/Sinal;-62.00
/0000/000/Desto0023/1509400940/SY01/Bateria;4.35
/0000/000/Desto0023/1509400940/SE00/Temperatura;27.27
/0000/000/Desto0023/1509400940/SE00/Umidade;57.26
/0000/000/Desto0023/1509400940/SE00/Pressao;1001.43
